0,DILTIAZEM HCL (DILT-CD)
1,ENALAPRILAT 1.25 MG/ML IV
2,SPIRONOLACTONE TAB
3,SPIRONOLACTONE 25 MG TABLET
5,"ESMOLOL 2,500 MG/250 ML (10 MG/ML) IN SODIUM CHLORIDE (ISO-OSMOTIC) IV"
8,SPIRONOLACTONE TABS
11,METOPROLOL SUCCINATE (TOPROL XL)
13,DOXAZOSIN 4 MG TAB
14,DOXAZOSIN 2 MG TAB
16,DOXAZOSIN 4 MG TABLET
17,SPIRONOLACTONE 25 MG TAB
18,SPIRONOLACTONE 100 MG TABLET
19,PRAZOSIN 1 MG CAPSULE
23,TOPROL XL 100 MG 24 HR TAB
25,TOPROL XL 50 MG 24 HR TAB
26,SPIRONOLACTONE 50 MG TABLET
32,AMLODIPINE 10 MG-BENAZEPRIL 40 MG CAPSULE
35,LISINOPRIL TAB
36,FOSINOPRIL 40 MG TABLET
37,FOSINOPRIL 40 MG TAB
40,ENALAPRIL
41,TERAZOSIN CAP
42,PAPAVERINE 30 MG-PHENTOLAMINE 1 MG/ML IN WATER INTRACAVERNOSAL SOLN
43,LISINOPRIL 5 MG TABLET
44,ENALAPRIL MALEATE 10 MG TAB
45,CAPTOPRIL 50 MG-HYDROCHLOROTHIAZIDE 25 MG TABLET
47,ENALAPRIL MALEATE 10 MG TABLET
51,ENALAPRIL MALEATE 20 MG TAB
53,ENALAPRIL MALEATE 20 MG TABLET
55,ENALAPRIL MALEATE 5 MG TABLET
56,QUINAPRIL 10 MG TABLET
57,QUINAPRIL 40 MG TABLET
58,QUINAPRIL 20 MG-HYDROCHLOROTHIAZIDE 12.5 MG TABLET
59,AMLODIPINE 5 MG-BENAZEPRIL 10 MG CAPSULE
61,ENALAPRIL-HYDROCHLOROTHIAZIDE 5 MG-12.5 MG TAB
62,LISINOPRIL TABS
63,CAPTOPRIL TAB
64,QUINAPRIL 20 MG TABLET
67,LISINOPRIL 10 MG TABLET
70,RAMIPRIL 1.25 MG CAP
71,AMLODIPINE 5 MG-BENAZEPRIL 40 MG CAPSULE
74,TERAZOSIN 1 MG CAP
75,TERAZOSIN 1 MG CAPSULE
77,TERAZOSIN 10 MG CAPSULE
78,LISINOPRIL 10 MG TAB
81,LISINOPRIL
89,LISINOPRIL 40 MG TABLET
90,LISINOPRIL 20 MG TABLET
99,TERAZOSIN CAPS
133,LISINOPRIL 2.5 MG TABLET
134,LISINOPRIL 20 MG TAB
139,BENAZEPRIL 20 MG TABLET
140,BENAZEPRIL 40 MG TABLET
146,LISINOPRIL 40 MG TAB
167,BENAZEPRIL-HYDROCHLOROTHIAZIDE 20 MG-12.5 MG TAB
173,LISINOPRIL 20 MG-HYDROCHLOROTHIAZIDE 12.5 MG TABLET
177,LISINOPRIL 20 MG-HYDROCHLOROTHIAZIDE 25 MG TABLET
180,LISINOPRIL 30 MG TAB
196,LISINOPRIL 5 MG TAB
216,LISINOPRIL-HYDROCHLOROTHIAZIDE 20 MG-25 MG TABLET
223,LOSARTAN 25 MG TABLET
226,LOSARTAN 50 MG TABLET
228,IRBESARTAN 300 MG TAB
230,OLMESARTAN 20 MG-AMLODIPINE 5 MG-HYDROCHLOROTHIAZIDE 12.5 MG TABLET
231,IRBESARTAN 300 MG TABLET
232,VALSARTAN 160 MG TABLET
233,LOSARTAN TAB
235,RAMIPRIL 5 MG TABLET
238,OLMESARTAN 40 MG-HYDROCHLOROTHIAZIDE 25 MG TABLET
239,LOSARTAN 100 MG TABLET
240,CANDESARTAN 8 MG TABLET
242,OLMESARTAN 20 MG TABLET
243,CANDESARTAN 16 MG TABLET
246,LOSARTAN 25 MG TAB
247,OLMESARTAN 5 MG TABLET
249,IRBESARTAN
250,IRBESARTAN 75 MG TABLET
251,VALSARTAN TAB
263,LOSARTAN 100 MG-HYDROCHLOROTHIAZIDE 12.5 MG TABLET
265,LOSARTAN 100 MG-HYDROCHLOROTHIAZIDE 25 MG TABLET
279,LOSARTAN 50 MG TAB
281,LOSARTAN 100 MG TAB
289,HYZAAR 50 MG-12.5 MG TAB
293,HYZAAR 100 MG-25 MG TAB
295,AMLODIPINE 5 MG-OLMESARTAN 40 MG TABLET
296,AMLODIPINE-VALSARTAN 10 MG-320 MG TAB
297,SACUBITRIL 24 MG-VALSARTAN 26 MG TABLET
298,COZAAR 100 MG TAB
299,CARVEDILOL
300,METOPROLOL TAB
301,ATENOLOL TAB
303,LABETALOL 300 MG TABLET
305,LABETALOL 200 MG TABLET
308,CARVEDILOL 3.125 MG TABLET
310,VALSARTAN 40 MG TABLET
312,"METOPROLOL SUCCINATE ER 50 MG TABLET,EXTENDED RELEASE 24 HR"
315,VALSARTAN-HYDROCHLOROTHIAZIDE 320 MG-25 MG TAB
316,VALSARTAN 80 MG TABLET
317,"METOPROLOL SUCCINATE ER 25 MG TABLET,EXTENDED RELEASE 24 HR"
320,CARVEDILOL TAB
323,METOPROLOL SUCCINATE ER 100 MG 24 HR TAB
326,METOPROLOL TARTRATE 50 MG TABLET
327,METOPROLOL SUCCINATE ER 50 MG 24 HR TAB
330,METOPROLOL 100 MG TAB
331,METOPROLOL 5 MG/5 ML IV
332,METOPROLOL 50 MG TAB
337,"METOPROLOL SUCCINATE ER 100 MG TABLET,EXTENDED RELEASE 24 HR"
340,METOPROLOL 5 MG/5 ML INTRAVENOUS SOLUTION
342,METOPROLOL TARTRATE 25 MG TABLET
343,METOPROLOL TABS
347,METOPROLOL TARTRATE INJ
349,ATENOLOL 100 MG TAB
350,ATENOLOL 25 MG TAB
353,ATENOLOL 25 MG TABLET
356,ATENOLOL 50 MG TAB
357,BISOPROLOL FUMARATE 10 MG TABLET
358,ATENOLOL 50 MG TABLET
361,CARVEDILOL 25 MG TABLET
364,ATENOLOL 50 MG-CHLORTHALIDONE 25 MG TABLET
365,CARVEDILOL 6.25 MG TABLET
366,CARVEDILOL 12.5 MG TABLET
367,LABETALOL 100 MG TABLET
370,METOPROLOL SR 50 MG 24 HR TAB
376,LABETALOL 5 MG/ML IV
381,LOSARTAN 50 MG-HYDROCHLOROTHIAZIDE 12.5 MG TABLET
398,ATENOLOL TABS
399,LABETALOL
403,CARVEDILOL 25 MG TAB
404,METOPROLOL XL TAB
406,METOPROLOL
407,METOPROLOL SUCCINATE ER 25 MG 24 HR TAB
423,LABETALOL 200 MG TAB
435,"METOPROLOL SUCCINATE ER 200 MG TABLET,EXTENDED RELEASE 24 HR"
439,LABETALOL 5 MG/ML INTRAVENOUS SOLUTION
443,PROPRANOLOL 40 MG TABLET
453,PROPRANOLOL TAB
467,METOPROLOL TARTRATE 100 MG TABLET
469,METOPROLOL TARTRATE 25 MG TAB
474,METOPROLOL TARTRATE 100 MG TAB
486,METOPROLOL XL TABS
487,METOPROLOL TARTRATE 50 MG TAB
489,METOPROLOL TARTRATE 5 MG/5 ML INTRAVENOUS SOLUTION
500,VALSARTAN 160 MG TAB
501,PROPRANOLOL 40 MG TAB
505,CLONIDINE HCL 0.1 MG TABLET
506,CLONIDINE TABS
507,METOPROLOL TARTRATE
511,NADOLOL
514,CARVEDILOL 3.125 MG TAB
517,COREG 12.5 MG TAB
519,CARVEDILOL 6.25 MG TAB
523,"CARVEDILOL PHOSPHATE ER 10 MG CAPSULE,EXT.RELEASE24HR MULTIPHASE"
526,DIOVAN 80 MG TAB
533,AMLODIPINE 10 MG TAB
534,LABETALOL TAB
538,AMLODIPINE 10 MG TABLET
552,AMLODIPINE 5 MG TABLET
565,"FELODIPINE ER 2.5 MG TABLET,EXTENDED RELEASE 24 HR"
567,CLONIDINE HCL 0.2 MG TABLET
568,AMLODIPINE TAB
570,CLONIDINE 0.1 MG TABLET
571,"FELODIPINE ER 10 MG TABLET,EXTENDED RELEASE 24 HR"
572,CLONIDINE 0.2 MG TAB
573,CLONIDINE 0.3 MG/24 HR WEEKLY TRANSDERM PATCH
576,DILTIAZEM TABS
578,NICARDIPINE 40 MG/200 ML IN SODIUM CHLORIDE(ISO) INTRAVENOUS PIGGYBACK
582,"NIFEDIPINE ER 30 MG TABLET,EXTENDED RELEASE"
584,NIFEDIPINE 10 MG CAPSULE
587,NIFEDIPINE ER 30 MG 24 HR TAB
588,"NIFEDIPINE ER 30 MG TABLET,EXTENDED RELEASE 24 HR"
589,NIFEDIPINE ER 30 MG TAB
590,CLONIDINE HCL 0.3 MG TABLET
593,"NIFEDIPINE ER 60 MG TABLET,24 HR EXTENDED RELEASE"
598,"NIFEDIPINE ER 30 MG TABLET,24 HR EXTENDED RELEASE"
599,"NIFEDIPINE ER 60 MG TABLET,EXTENDED RELEASE"
603,"NIFEDIPINE ER 60 MG TABLET,EXTENDED RELEASE 24 HR"
606,"NIFEDIPINE ER 90 MG TABLET,24 HR EXTENDED RELEASE"
610,"NIFEDIPINE ER 90 MG TABLET,EXTENDED RELEASE 24 HR"
612,NIFEDIPINE ER 90 MG 24 HR TAB
617,NIFEDIPINE ER 90 MG TAB
621,CLONIDINE
630,NADOLOL 20 MG TABLET
633,AMLODIPINE 5 MG TAB
635,NIFEDIPINE (PROCARDIA)
636,AMLODIPINE 10 MG-VALSARTAN 320 MG TABLET
637,AMLODIPINE 2.5 MG TAB
640,PROPRANOLOL 10 MG TABLET
642,AMLODIPINE TABS
643,PROPRANOLOL 10 MG TAB
646,PROPRANOLOL 20 MG TABLET
661,NORVASC 10 MG TAB
662,NORVASC 5 MG TAB
664,NORVASC ORAL
665,NIFEDIPINE
668,NIFEDIPINE ER 60 MG 24 HR TAB
669,NIFEDIPINE 10 MG/ML ORAL SOL
677,NIFEDIPINE XL
679,COREG 25 MG 2X DAILY
686,"VERAPAMIL ER (PM) 100 MG CAPSULE 24HR PELLET CT,EXT.RELEASE"
689,DILTIAZEM CD CAP
690,CLONIDINE TAB
702,METOPROLOL TARTRATE 12.5 MG HALF TABLET
707,NIFEDIPINE XL TABS
718,AMLODIPINE ORAL
719,AMLODIPINE BESYLATE
728,AMLODIPINE 2.5 MG TABLET
730,DILTIAZEM 30 MG TABLET
738,DILTIAZEM 60 MG TABLET
740,AMLODIPINE-ATORVASTATIN 10 MG-10 MG TAB
745,VERAPAMIL SR TAB
748,FUROSEMIDE 10 MG/ML INJECTION
752,TOPROL XL 200 MG 24 HR TAB
754,FUROSEMIDE 10 MG/ML INJECTION SOLUTION
757,FUROSEMIDE 20 MG TABLET
758,VERAPAMIL 120 MG TABLET
759,BUMETANIDE INJ
760,NORVASC
765,FUROSEMIDE 20 MG TAB
766,FUROSEMIDE TABS
780,HYDROCHLOROTHIAZIDE 12.5 MG CAPSULE
781,HYDROCHLOROTHIAZIDE 12.5 MG TABLET
788,HYDROCHLOROTHIAZIDE 25 MG TAB
789,HYDROCHLOROTHIAZIDE TABS
790,FUROSEMIDE 40 MG TABLET
791,FUROSEMIDE INFUSION
798,CHLORTHALIDONE 25 MG TABLET
801,FUROSEMIDE
802,CLONIDINE 0.2 MG TABLET
803,AMILORIDE 5 MG TAB
804,FUROSEMIDE TAB
806,CHLORTHALIDONE 50 MG TABLET
807,FUROSEMIDE INJ
808,AMLODIPINE
828,DILTIAZEM 5 MG/ML INTRAVENOUS SOLUTION
831,DILTIAZEM CD 120 MG 24 HR CAP
834,"DILTIAZEM CD 240 MG CAPSULE,EXTENDED RELEASE 24 HR"
842,HYDROCHLOROTHIAZIDE 25 MG TABLET
848,METOLAZONE 2.5 MG TAB
851,VERAPAMIL SR 180 MG 24 HR CAP
858,FUROSEMIDE 100 MG IN NS 100 ML PYXIS MINIBAG INFUSION
859,"VERAPAMIL ER (SR) 240 MG TABLET,EXTENDED RELEASE"
863,"VERAPAMIL ER (SR) 180 MG TABLET,EXTENDED RELEASE"
865,FUROSEMIDE 40 MG TAB
867,FUROSEMIDE IVPB
868,LASIX
881,TRIAMTERENE-HYDROCHLOROTHIAZIDE 37.5 MG-25 MG CAP
891,FUROSEMIDE 80 MG TABLET
895,FUROSEMIDE 80 MG TAB
901,HYDROCHLOROTHIAZIDE TAB
903,TRIAMTERENE 37.5 MG-HYDROCHLOROTHIAZIDE 25 MG CAPSULE
908,LOPRESSOR
913,LASIX 40 MG TAB
914,HYDROCHLOROTHIAZIDE 12.5 MG CAP
916,CHLORTHALIDONE 50 MG TAB
918,AMILORIDE 5 MG TABLET
923,DILTIAZEM INJ
934,DILTIAZEM TAB
935,HYDROCHLOROTHIAZIDE
936,"DILTIAZEM CD 120 MG CAPSULE,EXTENDED RELEASE 24 HR"
939,NICARDIPINE
946,NIFEDIPINE CAP
948,METOLAZONE 2.5 MG TABLET
952,FUROSEMIDE (LASIX)
958,"DILTIAZEM CD 360 MG CAPSULE,EXTENDED RELEASE 24 HR"
960,BUMETANIDE 0.25 MG/ML INJECTION SOLUTION
968,METOLAZONE 5 MG TABLET
969,CARDIZEM CD 240 MG 24 HR CAP
971,DILTIAZEM SR 180 MG 24 HR TAB
973,VALSARTAN-HYDROCHLOROTHIAZIDE 160 MG-25 MG TAB
975,DYAZIDE 37.5 MG-25 MG CAP
986,VALSARTAN 160 MG-HYDROCHLOROTHIAZIDE 12.5 MG TABLET
987,TORSEMIDE 20 MG TABLET
989,BUMETANIDE 2 MG TABLET
991,TORSEMIDE 100 MG TABLET
993,HYDRALAZINE 10 MG TABLET
994,VALSARTAN-HYDROCHLOROTHIAZIDE 320 MG-12.5 MG TAB
996,HYDRALAZINE 25 MG TABLET
998,HYDRALAZINE IVPB
1034,LISINOPRIL 10 MG-HYDROCHLOROTHIAZIDE 12.5 MG TABLET
1036,LISINOPRIL-HYDROCHLOROTHIAZIDE 10 MG-12.5 MG TAB
1043,METOLAZONE TAB
1053,HYDRALAZINE 50 MG TABLET
1054,LISINOPRIL-HYDROCHLOROTHIAZIDE 20 MG-12.5 MG TAB
1055,LOSARTAN-HYDROCHLOROTHIAZIDE 50 MG-12.5 MG TAB
1057,LOSARTAN-HYDROCHLOROTHIAZIDE 100 MG-25 MG TABLET
1060,HYDRALAZINE 25 MG TAB
1061,LISINOPRIL-HYDROCHLOROTHIAZIDE 20 MG-25 MG TAB
1065,HYDRALAZINE 100 MG TABLET
1073,DIOVAN HCT 160 MG-25 MG TAB
1075,HYDRALAZINE 10 MG TAB
1077,HYDRALAZINE TAB
1078,MINOXIDIL
1084,HYDRALAZINE 20 MG/ML INJECTION SOLUTION
1085,HYDRALAZINE HYDROCHLORIDE (HYDRALAZINE HYDROCHLORIDE) - POWDER
1092,TERAZOSIN 2 MG CAPSULE
1111,ATACAND
1138,PRAZOSIN
1148,"DILTIAZEM ER 360 MG TABLET,EXTENDED RELEASE 24 HR"
1149,DOXAZOSIN 2 MG TABLET
1153,AMLODIPINE 10 MG-BENAZEPRIL 20 MG CAPSULE
1154,DOXAZOSIN 8 MG TABLET
1159,ENALAPRIL MALEATE 5 MG TAB
1167,CAPTOPRIL 12.5 MG TABLET
1178,ENALAPRIL 10 MG-HYDROCHLOROTHIAZIDE 25 MG TABLET
1191,"VERAPAMIL ER (SR) 120 MG TABLET,EXTENDED RELEASE"
1205,FUROSEMIDE IV SYRINGE 10 MG/ML STERILE DIL
1207,OLMESARTAN 20 MG TAB
1209,OLMESARTAN-HYDROCHLOROTHIAZIDE 40 MG-25 MG TAB
1211,LOSARTAN
1217,PRINIVIL 40 MG TAB
1219,RAMIPRIL 10 MG CAPSULE
1220,EPLERENONE 50 MG TABLET
1223,SPIRONOLACTONE
1228,ENALAPRIL INJ
1230,VALSARTAN 80 MG CAP
1243,HYZAAR 100/25MG TABLET
1244,CARDURA 4 MG TAB
1245,ATENOLOL 100 MG-CHLORTHALIDONE 25 MG TABLET
1247,"TOPROL XL 25 MG TABLET,EXTENDED RELEASE"
1248,ALTACE 10 MG CAP
1249,ALTACE 5 MG CAP
1250,ENALAPRIL TAB
1257,ATENOLOL 100 MG TABLET
1268,QUINAPRIL 40 MG TAB
1270,IRBESARTAN 150 MG-HYDROCHLOROTHIAZIDE 12.5 MG TABLET
1300,QUINAPRIL 10 MG TAB
1319,CAPTOPRIL 25 MG TAB
1330,METOPROLOL IVPB
1331,TOPROL XL 25 MG 24 HR TAB
1336,CAPTOPRIL 50 MG TABLET
1339,ENALAPRIL MALEATE 2.5 MG TAB
1352,COZAAR 50 MG TAB
1362,OLMESARTAN 40 MG TABLET
1367,VALSARTAN 320 MG TABLET
1372,TERAZOSIN 5 MG CAP
1387,FELODIPINE ER 10 MG 24 HR TAB
1397,NIFEDIPINE ER 60 MG TAB
1409,SACUBITRIL 49 MG-VALSARTAN 51 MG TABLET
1422,SPIRONOLACTONE 50 MG TAB
1429,METHYLDOPA 500 MG TAB
1436,"NIFEDIPINE ER 90 MG TABLET,EXTENDED RELEASE"
1438,VALSARTAN 320 MG TAB
1447,METOPROLOL SR 25 MG 24 HR TAB
1448,"PROPRANOLOL ER 60 MG CAPSULE,24 HR,EXTENDED RELEASE"
1458,FELODIPINE
1471,VALSARTAN 80 MG-HYDROCHLOROTHIAZIDE 12.5 MG TABLET
1479,CLONIDINE PATCH REMOVAL
1494,LABETALOL TABS
1518,NADOLOL TAB
1520,LABETALOL HYDROCHLORIDE 100 MG TABLET
1524,TERAZOSIN 5 MG CAPSULE
1532,ACCUPRIL 40 MG TAB
1542,TELMISARTAN 40 MG TAB
1551,COREG
1553,CARVEDILOL PHOSPHATE SR 20 MG MULTIPHASE 24 HR CAP
1576,CLONIDINE 0.1 MG/24 HR WEEKLY TRANSDERM PATCH
1588,CARVEDILOL 12.5 MG TAB
1600,TELMISARTAN 80 MG-HYDROCHLOROTHIAZIDE 25 MG TABLET
1621,VALSARTAN-HYDROCHLOROTHIAZIDE 80 MG-12.5 MG TAB
1653,CLONIDINE 0.1 MG TAB
1658,ATENOLOL-CHLORTHALIDONE 50 MG-25 MG TABLET
1667,DILTIAZEM IV INFUSION
1671,AVAPRO 150 MG TAB
1677,NADOLOL TABS
1680,NADOLOL 40 MG TABLET
1694,DILTIAZEM CD 240 MG 24 HR CAP
1704,TORSEMIDE 20 MG/2 ML (10 MG/ML) IV
1727,PROCARDIA XL 90 MG 24 HR TAB
1737,HYDRALAZINE TABS
1738,CLONIDINE 0.2 MG/24 HR WEEKLY TRANSDERMAL PATCH
1739,CLONIDINE 0.3 MG TAB
1742,DOXAZOSIN TAB
1748,NIFEDIPINE ER 30 MG 24 HR TAB (2)
1779,LOSARTAN-HYDROCHLOROTHIAZIDE 100 MG-25 MG TAB
1785,HYDRALAZINE 50 MG TAB
1792,"DILTIAZEM CD 180 MG CAPSULE,EXTENDED RELEASE 24 HR"
1798,HYDRALAZINE ORAL
1802,HYDRALAZINE INJ (20MG/ML)
1805,ALISKIREN 300 MG TABLET
1812,HYDROCHLOROTHIAZIDE 12.5 MG TAB
1844,"MICARDIS, CARVEDILOL, AMLOPEDINE, LIPITOR"
1853,AMILORIDE 5 MG-HYDROCHLOROTHIAZIDE 50 MG TABLET
1856,TRIAMTERENE-HYDROCHLOROTHIAZIDE 37.5 MG-25 MG TABLET
1878,DILTIAZEM ER (XR/XT) 240 MG CONTINUOUS RELEASE CAP
1882,OLMESARTAN 40 MG-AMLODIPINE 10 MG-HYDROCHLOROTHIAZIDE 12.5 MG TABLET
1883,DILTIAZEM 5 MG/ML IV
1893,NADOLOL 20 MG TAB
1901,METOPROLOL TARTRATE-HYDROCHLOROTHIAZIDE 50 MG-25 MG TABLET
1907,AMLODIPINE (NORVASC)
1924,"DILTIAZEM ER 240 MG CAPSULE,EXTENDED RELEASE"
1933,DILTIAZEM 30 MG TAB
1939,AMILORIDE TAB
1973,HYDRALAZINE
1981,METOLAZONE
1996,LOSARTAN TABS
2020,VALSARTAN-HYDROCHLOROTHIAZIDE 160 MG-12.5 MG TAB
2036,MINOXIDIL 2.5 MG TABLET
2044,AMLODIPINE-BENAZEPRIL 10 MG-40 MG CAPSULE
2072,TRIAMTERENE-HYDROCHLOROTHIAZID (MAXZIDE-25MG)
2073,"TOPROL-XL (METOPROLOL SUCCINATE) 25 MG TABLET, EXTENDED RELEASE"
2076,FOSINOPRIL 20 MG TABLET
2078,"CEPHALEXIN, HALOERIDOL, LISINOPRIL, PREDNISONE,RENEGEL, SENN"
2080,HYDROCHLOROTHIAZIDE-LISINOPRIL
2088,OLMESARTAN 40 MG-HYDROCHLOROTHIAZIDE 12.5 MG TABLET
2089,VALSARTAN
2091,COZAAR ORAL
2105,"FELODIPINE ER 5 MG TABLET,EXTENDED RELEASE 24 HR"
2107,PROPRANOLOL ER 60 MG 24 HR CAP EXTENDED RELEASE
2108,ESMOLOL
2135,EPLERENONE 25 MG TABLET
2138,ALDACTONE
2146,SPIRONOLACTONE SUSP
2173,ENALAPRIL-HYDROCHLOROTHIAZIDE 10 MG-25 MG TAB
2174,ENALAPRIL MALEATE
2179,RAMIPRIL 10 MG CAP
2183,AMLODIPINE-BENAZEPRIL 10 MG-20 MG CAP
2186,RAMIPRIL 2.5 MG CAPSULE
2264,HYDRALAZINE 20 MG/ML INJECTION
2291,ATENOLOL
2294,AMLODIPINE-OLMESARTAN 5 MG-40 MG TAB
2295,COZAAR 50 MG TABLET
2300,VASOTEC 10 MG TAB
2303,ACCUPRIL 20 MG TABLET
2324,METOPROLOL 25 MG TAB
2325,COZAAR
2326,CANDESARTAN TAB
2329,VALSARTAN-HYDROCHLOROTHIAZIDE (DIOVAN HCT)
2375,LABETALOL HYDROCHLORIDE
2376,LOSARTAN (COZAAR)
2389,METOPROLOL SR 200 MG 24 HR TAB
2394,LABETALOL 100 MG TAB
2400,METOPROLOL SUCCINATE ER 200 MG 24 HR TAB
2403,"PROPRANOLOL ER 120 MG CAPSULE,24 HR,EXTENDED RELEASE"
2407,PROPRANOLOL ORAL
2437,TELMISARTAN 20 MG TABLET
2457,"METOPROLOL SUCCINATE ER 200 MG CAPSULE SPRINKLE, EXT. RELEASE 24 HR"
2460,LABETALOL 300 MG TAB
2477,CLONIDINE 0.1 MG/24 HR WEEKLY TRANSDERMAL PATCH
2505,CANDESARTAN 16 MG-HYDROCHLOROTHIAZIDE 12.5 MG TABLET
2517,NADOLOL 40 MG TAB
2528,CARVEDILOL (COREG)
2589,AMLODIPINE-BENAZEPRIL 10 MG-20 MG CAPSULE
2637,CHLORTHALIDONE 25 MG TAB
2682,HYDRALAZINE 100 MG TAB
2691,METOLAZONE 5 MG TAB
2692,VERAPAMIL TAB
2712,TRIAMTERENE-HYDROCHLOROTHIAZIDE 37.5 MG-25 MG TAB
2717,FUROSEMIDE 40 MG/5 ML ORAL SOLUTION
2725,LASIX 80 MG TAB
2728,TRIAMTERENE 37.5 MG-HYDROCHLOROTHIAZIDE 25 MG TABLET
2730,DYAZIDE 37.5 MG-25 MG CAPSULE
2742,LISINOPRIL-HYDROCHLOROTHIAZIDE 10 MG-12.5 MG TABLET
2760,DILTIAZEM CD 360 MG 24 HR CAP
2761,DILTIAZEM CD 180 MG 24 HR CAP
2763,"DILTIAZEM ER (XR/XT) 240 MG CAPSULE,EXTENDED RELEASE,CONTROLLED"
2764,"DILTIAZEM ER 240 MG TABLET,EXTENDED RELEASE 24 HR"
2769,FUROSEMIDE 10 MG/ML SOLUTION
2778,VALSARTAN 320 MG-HYDROCHLOROTHIAZIDE 25 MG TABLET
2799,HYDROCHLOROTHIAZIDE ORAL
2802,HYDROCHLOROTHIAZIDE 50 MG TABLET
2811,BUMETANIDE 0.5 MG TABLET
2820,HYDRALAZINE HYDROCHLORIDE
2829,LOSARTAN-HYDROCHLOROTHIAZIDE 50 MG-12.5 MG TABLET
2850,TOPROL XL ORAL
2852,RAMIPRIL 10 MG TAB
2858,AMLODIPINE-BENAZEPRIL 10 MG-40 MG CAP
2860,CLONIDINE-TTS PATCH
2861,OLMESARTAN 20 MG-HYDROCHLOROTHIAZIDE 12.5 MG TABLET
2878,VALSARTAN 160 MG-HYDROCHLOROTHIAZIDE 25 MG TABLET
2892,TELMISARTAN-HYDROCHLOROTHIAZIDE 80 MG-25 MG TAB
2906,DILTIAZEM CD CAPS
2908,LASIX (FUROSEMIDE) 80 MG TABLET
2972,ISRADIPINE 5 MG CAP
3005,LABETALOL HCL TABS
3008,LOTREL 10 MG-40 MG CAP
3025,LISINOPRIL ORAL
3052,VALSARTAN (DIOVAN)
3067,AMLODIPINE 5 MG-VALSARTAN 320 MG TABLET
3079,OLMESARTAN-HYDROCHLOROTHIAZIDE 40 MG-12.5 MG TAB
3094,VALSARTAN-HYDROCHLOROTHIAZIDE 160 MG-12.5 MG TABLET
3102,COZAAR (LOSARTAN POTASSIUM) 100 MG TABLET
3104,METOPROLOL XL
3109,VERAPAMIL 2.5 MG/ML IV
3120,OLMESARTAN 40 MG-AMLODIPINE 5 MG-HYDROCHLOROTHIAZIDE 25 MG TABLET
3143,QUINAPRIL 20 MG TAB
3162,ENALAPRIL TABS
3186,OLMESARTAN (BENICAR)
3192,DILTIAZEM
3217,METOPROLOL SUCCINATE
3219,NIFEDIPINE ER 90 MG 24 HR TAB (2)
3234,PROPRANOLOL 80 MG TABLET
3276,LABETALOL HYDROCHLORIDE 300 MG TABLET
3288,RAMIPRIL 2.5 MG CAP
3293,AMLODIPINE 10 MG-VALSARTAN 160 MG-HYDROCHLOROTHIAZIDE 25 MG TABLET
3297,FUROSEMIDE ORAL SOL (40MG/5ML)
3311,TELMISARTAN 80 MG TABLET
3328,"NTG. ASA LASIX, PLAVIX . COUMADIN NEURONTIN"
3343,"VERAPAMIL ER 360 MG 24 HR CAPSULE,EXTENDED RELEASE"
3367,ALTACE
3405,HYDROCHLOROTHIAZIDE 50 MG TAB
3406,VALSARTAN 80 MG TAB
3432,"DILTIAZEM CD 300 MG CAPSULE,EXTENDED RELEASE 24 HR"
3441,AMLODIPINE-VALSARTAN 10 MG-160 MG TAB
3445,ATENOLOL 12.5 MG HALF TABLET
3465,ATENOLOL-CHLORTHALIDONE 100 MG-25 MG TAB
3468,AMLODIPINE-BENAZEPRIL 5 MG-20 MG CAP
3477,OLMESARTAN-HYDROCHLOROTHIAZIDE 20 MG-12.5 MG TAB
3482,DILTIAZEM HCL (DILTIA XT)
3512,ALISKIREN 150 MG TABLET
3597,HCTZ ATENOLOL NIFEDIPINE LISINOPRIL
3599,CANDESARTAN 32 MG TAB
3602,TELMISARTAN
3623,DOXAZOSIN 1 MG TABLET
3629,AMLODIPINE 5 MG-BENAZEPRIL 20 MG CAPSULE
3643,PROPRANOLOL ER 120 MG 24 HR CAP EXTENDED RELEASE
3656,FUROSEMIDE IVPB - MIN DOSE >100 MG
3680,LISINOPRIL-HYDROCHLOROTHIAZIDE 20 MG-12.5 MG TABLET
3688,EPLERENONE (INSPRA)
3692,TOPROL-XL
3696,SPIRONOLACTONE 25 MG-HYDROCHLOROTHIAZIDE 25 MG TABLET
3705,LISINOPRIL-HYDROCHLOROTHIAZIDE
3740,VASOTEC
3760,RAMIPRIL 2.5 MG TAB
3787,BISOPROLOL FUMARATE 5 MG TABLET
3788,EPLERENONE TABLET
3841,"HYTRIN,  CARVEDILOL, SIMVASTATIN , TERAZOSIN"
3867,AVAPRO
3868,DIOVAN
3884,COREG ORAL
3887,BISOPROLOL 2.5 MG-HYDROCHLOROTHIAZIDE 6.25 MG TABLET
3914,"CARVEDILOL PHOSPHATE ER 20 MG CAPSULE,EXT.RELEASE24HR MULTIPHASE"
3947,"PROPRANOLOL ER 160 MG CAPSULE,24 HR,EXTENDED RELEASE"
3948,METOLAZONE 10 MG TAB
4019,MINOXIDIL 10 MG TABLET
4045,DILTIAZEM HYDROCHLORIDE SR
4056,DILTIAZEM 60 MG TAB
4063,ENALAPRIL 5 MG-HYDROCHLOROTHIAZIDE 12.5 MG TABLET
4065,BUMETANIDE 1 MG TABLET
4077,CARDIZEM
4115,MINOXIDIL TAB
4116,TERAZOSIN
4119,ENALAPRIL MALEATE 2.5 MG TABLET
4127,SPIRONOLACTONE (ALDACTONE)
4140,VERAPAMIL 2.5 MG/ML INTRAVENOUS SOLUTION
4156,RAMIPRIL 1.25 MG CAPSULE
4165,LABETALOL HYDROCHLORIDE 5 MG/ML SOLUTION
4195,RAMIPRIL
4244,ZESTRIL 10 MG TAB
4338,LASIX (FUROSEMIDE) 40 MG TABLET
4471,DILTIAZEM SR 360 MG 24 HR CAP
4476,FUROSEMIDE SOL (10MG/ML)
4517,TORSEMIDE 10 MG TABLET
4542,TEKTURNA HCT
4583,IRBESARTAN-HYDROCHLOROTHIAZIDE 150 MG-12.5 MG TABLET
4594,MICARDIS
4596,BISOPROLOL FUMARATE
4599,ATENOLOL ORAL
4620,PROPRANOLOL TABS
4647,NIFEDIPINE CAPS
4703,LASIX ORAL
4728,VALSARTAN-HYDROCHLOROTHIAZIDE 160 MG-25 MG TABLET
4750,LOPRESSOR (METOPROLOL SUCCINATE) 1 MG/ML SOLUTION
4751,VALSARTAN 40 MG TAB
4804,PROCARDIA XL 30 MG 24 HR TAB
4808,SPIRONOLACTONE 100 MG TAB
4831,PRAZOSIN 5 MG CAPSULE
4846,QUINAPRIL ORAL
4850,MOEXIPRIL 15 MG TABLET
4852,AMLODIPINE-BENAZEPRIL 5 MG-10 MG CAP
4868,AMLODIPINE-BENAZEPRIL 5 MG-20 MG CAPSULE
4890,ALTACE 2.5 MG CAP
4906,LISINOPRIL 2.5 MG TAB
4960,LISINOPRIL 30 MG TABLET
4998,IRBESARTAN 75 MG TAB
4999,CANDESARTAN 32 MG TABLET
5008,CANDESARTAN 4 MG TABLET
5012,OLMESARTAN 40 MG TAB
5054,AMLODIPINE-OLMESARTAN 10 MG-40 MG TABLET
5134,LOSARTAN-HYDROCHLOROTHIAZIDE 100 MG-12.5 MG TAB
5193,AMLODIPINE-VALSARTAN (EXFORGE)
5243,METOPROLOL TARTRATE 37.5 MG TABLET
5249,RAMIPRIL (ALTACE)
5250,METOPROLOL-HYDROCHLOROTHIAZIDE 100 MG-25 MG TAB
5280,BENICAR ORAL
5284,AVAPRO 300 MG TAB
5295,BENICAR 20 MG TABLET
5333,CLONIDINE 0.2 MG/24 HR WEEKLY TRANSDERM PATCH
5340,NIFEDIPINE 2% CREAM
5376,PROPRANOLOL SUSP
5377,"CLONIDINE, KLONOPIN ,IMETREX"
5380,NIFEDIPINE 20 MG CAP
5403,"PROPRANOLOL ER 80 MG CAPSULE,24 HR,EXTENDED RELEASE"
5500,AMLODIPINE-BENAZEPRIL 5 MG-10 MG CAPSULE
5514,AMLODIPINE-BENAZEPRIL
5522,DILTIAZEM HYDROCHLORIDE
5530,NICARDIPINE INFUSION PEDS
5619,AMILORIDE ORAL
5624,CAPTOPRIL-HYDROCHLOROTHIAZIDE 25 MG-25 MG TAB
5632,BUMETANIDE TAB
5640,CARDIZEM CD 120 MG 24 HR CAP
5642,"VERAPAMIL ER 120 MG 24 HR CAPSULE,EXTENDED RELEASE"
5643,VERAPAMIL SR 120 MG TAB
5671,TRIAMTERENE-HYDROCHLOROTHIAZIDE 37.5 MG-25 MG CAPSULE
5706,LASIX 20 MG TAB
5719,NICARDIPINE IN SODIUM CHLORIDE(ISO-OSMOTIC) 40 MG/200 ML IV PIGGY BACK
5721,METOPROLOL TARTRATE-HYDROCHLOROTHIAZIDE 100 MG-25 MG TABLET
5727,CHLORTHALIDONE TAB
5742,"DILTIAZEM ER 120 MG TABLET,EXTENDED RELEASE 24 HR"
5743,AMLODIPINE-VALSARTAN-HYDROCHLOROTHIAZIDE 10 MG-320 MG-25 MG TABLET
5746,CARTIA XT 300 MG 24 HR CAP
5748,"DILTIAZEM ER 360 MG CAPSULE,24 HR,EXTENDED RELEASE"
5760,DILTIAZEM SR 360 MG 24 HR TAB
5781,TORSEMIDE 20 MG TAB
5821,METOLAZONE TABS
5822,HYDROCHLOROTHIAZIDE 50 MG/5 ML ORAL SOLN
5827,HYZAAR ORAL
5866,TELMISARTAN 80 MG-HYDROCHLOROTHIAZIDE 12.5 MG TABLET
5877,TELMISARTAN 40 MG-HYDROCHLOROTHIAZIDE 12.5 MG TABLET
5908,METOPROLOL-HYDROCHLOROTHIAZIDE 50 MG-25 MG TAB
5960,NORVASC (AMLODIPINE BESYLATE) 5 MG TABLET
5973,BENAZEPRIL 10 MG-HYDROCHLOROTHIAZIDE 12.5 MG TABLET
5990,BISOPROLOL 5 MG-HYDROCHLOROTHIAZIDE 6.25 MG TABLET
6039,SPIRONOLACTONE ORAL
6057,PRAZOSIN 2 MG CAPSULE
6150,COZAAR 25 MG TABLET
6159,VALSARTAN 160 MG CAP
6271,ZESTORETIC 20 MG-25 MG TAB
6293,LABETALOL INJ
6302,AMLODIPINE BESYLATE 10 MG TABLET
6327,IRBESARTAN-HYDROCHLOROTHIAZIDE 300 MG-25 MG TAB
6365,IRBESARTAN 150 MG TABLET
6377,IRBESARTAN 300 MG-HYDROCHLOROTHIAZIDE 12.5 MG TABLET
6381,VERAPAMIL SR TABS
6382,CARVEDILOL TABS
6464,"DILTIAZEM ER (XR/XT) 120 MG CAPSULE,EXTENDED RELEASE,CONTROLLED"
6480,NORVASC 10 MG TABLET
6503,DIOVAN ORAL
6529,"PROCARDIA XL (NIFEDIPINE) 60 MG TABLET, EXTENDED RELEASE"
6579,TELMISARTAN-HYDROCHLOROTHIAZIDE 40 MG-12.5 MG TAB
6596,EXFORGE HCT 5 MG-160 MG-25 MG TABLET
6633,CANDESARTAN-HYDROCHLOROTHIAZIDE 32 MG-12.5 MG TAB
6635,METOPROLOL TARTRATE 1 MG/ML SOLUTION
6653,DILTIAZEM ER (XR/XT) 180 MG CONTINUOUS RELEASE CAP
6662,LOSARTAN-HYDROCHLOROTHIAZIDE (HYZAAR)
6702,AMLODIPINE 10 MG-VALSARTAN 160 MG-HYDROCHLOROTHIAZIDE 12.5 MG TABLET
6726,ENALAPRIL-HYDROCHLOROTHIAZIDE
6750,LASIX (FUROSEMIDE) 10 MG/ML SOLUTION
6796,ZAROXOLYN 5 MG TAB
6797,METOPROLOL SUCCINATE ORAL
6816,TRIAMTERENE 50 MG CAPSULE
6822,INDERAL ORAL
6834,BUMETANIDE 0.25 MG/ML INJECTION
6848,LASIX AND OTHER MEDS
6873,ATENOLOL (BULK)
6903,PROPRANOLOL
6913,METROPOLOL SILDENAFIL FOLATE INSULIN NORVASC
6936,FOSINOPRIL 10 MG TAB
6945,CARDURA
7034,TRIAMTERENE-HYDROCHLOROTHIAZID
7081,LOTREL 5 MG-10 MG CAP
7109,MICARDIS HCT 40 MG-12.5 MG TAB
7147,LOSARTAN ORAL
7184,CLONIDINE 0.3 MG/24 HR WEEKLY TRANSDERMAL PATCH
7216,METOPROLOL TARTRATE (BULK)
7253,CLONIDINE 0.3 MG TABLET
7369,AMLODIPINE-ATORVASTATIN
7521,TELMISARTAN 40 MG-AMLODIPINE 5 MG TABLET
7523,"DILTIAZEM ER 90 MG CAPSULE,EXTENDED RELEASE 12 HR"
7541,VALSARTAN 320 MG-HYDROCHLOROTHIAZIDE 12.5 MG TABLET
7585,BENAZEPRIL 20 MG-HYDROCHLOROTHIAZIDE 25 MG TABLET
7589,CORGARD ORAL
7598,DIOVAN 160 MG CAP
7614,LISINOPRIL ACTOS SINGULAIR METFROMIN  Q-VAR SIMBICORT
7665,AMLODIPINE-VALSARTAN-HYDROCHLOROTHIAZIDE 10 MG-320 MG-25 MG TAB
7667,DILTIAZEM SR 120 MG 24 HR CAP
7738,DIOVAN 320 MG TAB
7832,VALSARTAN ORAL
7835,SPIRONOLACTONE 12.5 MG HALF TABLET
7850,ENALAPRILAT 1.25 MG/ML INTRAVENOUS
7859,BENICAR 40 MG TAB
7878,TERAZOSIN 10 MG CAP
7905,METHYLDOPA 250 MG TABLET
7910,TELMISARTAN 40 MG TABLET
7914,IRBESARTAN 150 MG TAB
8035,DILTIAZEM HYDROCHLORIDE 30 MG TABLET
8040,"TOPROL XL 50 MG TABLET,EXTENDED RELEASE"
8061,BUMETANIDE TABS
8083,FUROSEMIDE 40 MG/5 ML (8 MG/ML) ORAL SOLUTION
8118,METOPROLOL TARTRATE 75 MG TABLET
8127,DIOVAN HCT 160 MG-12.5 MG TABLET
8163,QUINAPRIL
8169,"LASIX,KCL,LOVENOX, AMLODIPINE"
8210,"GUANFACINE ER 3 MG TABLET,EXTENDED RELEASE 24 HR"
8219,NIFEDIPINE 20 MG CAPSULE
8274,TORSEMIDE 5 MG TABLET
8314,INDAPAMIDE 2.5 MG TABLET
8486,DOXAZOSIN 8 MG TAB
8682,"TOPROL, ALTACE, OXYBUTYNIN, FOLIC ACID, CALCIUM"
8690,PROPRANOLOL HYDROCHLORIDE
8743,NIFEDIPINE ER
8791,NORVASC (AMLODIPINE BESYLATE) 10 MG TABLET
8794,BENICAR 40 MG TABLET
8807,FOSINOPRIL 10 MG-HYDROCHLOROTHIAZIDE 12.5 MG TABLET
8862,ZAROXOLYN
8931,HYZAAR
8973,"COZAAR , HCTZ, ASA, ADVAIR , ALBUTEROL"
8988,PROPRANOLOL 60 MG TAB
9007,BENAZEPRIL
9053,ETHACRYNIC ACID TAB
9126,VERAPAMIL ER 240 MG TAB
9142,METOPROLOL TARTRATE ORAL
9169,METOPROLOL TARTRATE - POWDER
9177,PRINIVIL ORAL
9178,BENICAR 40 MG
9209,VERAPAMIL ER (SR) 180 MG TAB
9275,ALISKIREN 150 MG TAB
9331,FUROSEMIDE 40 MG/5 ML ORAL SOLN
9393,RAMIPRIL 10 MG TABLET
9451,COREG (CARVEDILOL) 25 MG TABLET
9452,METOPROLOL TARTRATE (LOPRESSOR)
9484,"NEFIDIPINE, DIOVAN, METOPROLOL, PRORAFT, CELLCEPT"
9494,TENORMIN
9535,VERAPAMIL ER 240 MG 24 HR CAP
9556,VERAPAMIL (ISOPTIN SR)
9605,BUMETANIDE 0.25 MG/ML SOLUTION
9635,PAROXETINE PLAVIX ASA AMLODIPINE ALDACTONE
9659,FOSINOPRIL 10 MG TABLET
9699,RAMIPRIL 5 MG CAPSULE
9771,BENAZEPRIL 10 MG TABLET
9838,BENAZEPRIL-HYDROCHLOROTHIAZIDE 10 MG-12.5 MG TABLET
9844,IRBESARTAN-HYDROCHLOROTHIAZIDE 150 MG-12.5 MG TAB
9857,AMLODIPINE 10 MG-OLMESARTAN 40 MG TABLET
9858,OLMESARTAN-HYDROCHLOROTHIAZIDE 40 MG-25 MG TABLET
9859,CANDESARTAN 16 MG TAB
9907,COZAAR 25 MG TAB
9974,METOPROLOL SR 100 MG 24 HR TAB
10056,LABETALOL HYDROCHLORIDE 200 MG TABLET
10092,LABETALOL ORAL
10146,TELMISARTAN 80 MG TAB
10219,FELODIPINE SR 5 MG 24 HR TAB
10303,CLONIDINE HYDROCHLORIDE 0.3 MG TABLET
10400,NICARDIPINE 40 MG/200 ML IN SODIUM CHLORIDE(ISO-OSMOTIC) IV PIGGY BACK
10470,CATAPRES-TTS-1 0.1 MG/24 HR TRANSDERM PATCH
10481,DILTIAZEM HYDROCHLORIDE 5 MG/ML SOLUTION
10518,"VERAPAMIL ER (HS) 240 MG TABLET,24 HR EXTENDED RELEASE"
10519,"VERAPAMIL ER 180 MG 24 HR CAPSULE,EXTENDED RELEASE"
10553,TRIAMTERENE 50 MG CAP
10563,TRIAMTERENE 75 MG-HYDROCHLOROTHIAZIDE 50 MG TABLET
10564,FUROSEMIDE ORAL
10636,DILTIAZEM 240 MG CONTINUOUS RELEASE CAP
10647,DILTIAZEM ER (XR/XT) 120 MG CONTINUOUS RELEASE CAP
10673,VALSARTAN-HYDROCHLOROTHIAZIDE 320 MG-25 MG TABLET
10741,LOSARTAN-HYDROCHLOROTHIAZIDE ORAL
10766,TORSEMIDE
10796,BENICAR
10859,VERAPAMIL ER (SR) 120 MG TAB
10895,AMLODIPINE-OLMESARTAN 10 MG-20 MG TAB
10923,"AMLODIPINE, FLOUXETINE,METOPROLOL"
10990,"PROCARDIA XL 90 MG TABLET,EXTENDED RELEASE"
11009,AVAPRO 75 MG TAB
11074,OLMESARTAN 5 MG TAB
11094,ATENOLOL-CHLORTHALIDONE
11189,COREG 6.25 MG TAB
11235,CATAPRES-TTS-2 0.2 MG/24 HR TRANSDERM PATCH
11299,BISOPROLOL FUMARATE 10 MG TAB
11349,BISOPROLOL FUMARATE 5 MG TAB
11427,LOSARTAN-HYDROCHLOROTHIAZIDE 100 MG-12.5 MG TABLET
11510,"METOPROLOL SUC 100 MG-HYDROCHLOROTHIAZIDE 12.5 MG TABLET,EXT.REL 24 HR"
11518,AMLODIPINE 5 MG-VALSARTAN 160 MG TABLET
11533,DILTIAZEM 2% CREAM
11556,METHYLDOPA 500 MG TABLET
11630,CHLORTHALIDONE 15 MG TAB
11697,PROCARDIA XL 60 MG 24 HR TAB
11711,"DILTIAZEM ER 180 MG TABLET,EXTENDED RELEASE 24 HR"
11732,AMLODIPINE 5 MG-OLMESARTAN 20 MG TABLET
11786,IRBESARTAN (AVAPRO)
11795,HYTRIN
11799,CLONIDINE PATCH
11806,VERAPAMIL HYDROCHLORIDE SR
11820,ALDACTONE 25 MG TAB
11827,TOPROL XL
11830,HYTRIN 2 MG CAP
11880,PRAZOSIN 1 MG CAP
11887,"DILTIAZEM ER (XR/XT) 180 MG CAPSULE,EXTENDED RELEASE,CONTROLLED"
11942,ALTACE 5 MG TAB
11971,AMLODIPINE-OLMESARTAN 10 MG-40 MG TAB
11979,VASOTEC 20 MG TAB
11983,VALSARTAN 160 MG CAPSULE
12114,TELMISARTAN-HYDROCHLOROTHIAZIDE 80 MG-25 MG TABLET
12116,TELMISARTAN-HYDROCHLOROTHIAZIDE 80 MG-12.5 MG TAB
12151,FELODIPINE SR 10 MG 24 HR TAB
12201,TERAZOSIN 2 MG CAP
12263,AMLODIPINE-ATORVASTATIN 2.5 MG-10 MG TAB
12402,HYDROCHLOROTHIAZIDE-TRIAMTERENE
12412,DILTIAZEM 180 MG CONTINUOUS RELEASE CAP
12419,HYZAAR (HYDROCHLOROTHIAZIDE/LOSARTAN POTASSIUM) 25 MG-100 MG TABLET
12448,AVALIDE
12508,MINOXIDIL 5 % TOPICAL FOAM
12545,VALSARTAN TABS
12577,DILTIAZEM 120 MG TABLET
12731,AMLODIPINE-BENAZEPRIL 5 MG-40 MG CAPSULE
12931,MICARDIS 40 MG TAB
12983,BUMEX INJ
13084,CARDENE IV (NICARDIPINE HYDROCHLORIDE) 2.5 MG/ML SOLUTION
13125,CORGARD 20 MG TAB
13132,TELMISARTAN-HYDROCHLOROTHIAZIDE 40 MG-12.5 MG TABLET
13160,NADOLOL 80 MG TABLET
13180,METOPROLOL TARTRATE 100 MG-HYDROCHLOROTHIAZIDE 25 MG TABLET
13205,DILTIAZEM CD 300 MG 24 HR CAP
13206,FUROSEMIDE IV BURITROL SYRINGE 10 MG/ML STERILE DIL
13304,"COREG, LISINOPRIL, , COUMADIN , SPIRONOLACTONE"
13396,CADUET 10 MG-40 MG TAB
13461,"METOPROLOL SUCCINATE ER (METOPROLOL SUCCINATE) 25 MG TABLET, EXTENDED RELEASE"
13615,PROPRANOLOL 20 MG TAB
13639,VERAPAMIL ER 180 MG 24 HR CAP
13642,LISINOPRIL-HYDROCHLOROTHIAZIDE (PRINZIDE)
13681,"DILTIAZEM ER (XR/XT) 180 MG CAPSULE,EXTENDED RELEASE 24 HR, CONTROLLED"
13691,CLONIDINE HYDROCHLORIDE 0.1 MG TABLET
13769,DILTIAZEM SR 300 MG 24 HR CAP
13779,ALISKIREN-HYDROCHLOROTHIAZIDE 150 MG-12.5 MG TAB
14001,DIOVAN 160 MG TAB
14038,DILTIAZEM 2% CREAM (COMPOUND)
14043,METHYLDOPA TAB
14146,AMLODIPINE-BENAZEPRIL (LOTREL)
14151,TRIAMTERENE-HYDROCHLOROTHIAZIDE 50 MG-25 MG CAP
14197,CARTIA XT
14236,"ALBUTEROL, LASIX"
14268,"AMARYL, ASA, DIOVAN, BENADRYL, ENALAPRIL, IRON"
14290,OLMESARTAN-HYDROCHLOROTHIAZIDE 20 MG-12.5 MG TABLET
14344,BISOPROLOL-HYDROCHLOROTHIAZIDE 5 MG-6.25 MG TABLET
14399,DILTIAZEM SR 240 MG 24 HR CAP
14433,ATENOLOL-CHLORTHALIDONE 100 MG-25 MG TABLET
14448,DEMADEX
14501,SPIRONOLACTONE ORAL SUSPENSION
14518,DOXAZOSIN 1 MG TAB
14537,FOSINOPRIL 20 MG TAB
14547,DOXAZOSIN
14565,FOSINOPRIL
14571,QUINAPRIL 5 MG TABLET
14573,LISINOPRIL 10 MG
14740,IRBESARTAN-HYDROCHLOROTHIAZIDE 300 MG-12.5 MG TAB
14749,AMLODIPINE 10 MG-VALSARTAN 320 MG-HYDROCHLOROTHIAZIDE 25 MG TABLET
14807,SACUBITRIL 97 MG-VALSARTAN 103 MG TABLET
14977,"TOPROL-XL (METOPROLOL SUCCINATE) 50 MG TABLET, EXTENDED RELEASE"
15057,DIOVAN 80 MG CAP
15093,FELODIPINE SR 2.5 MG 24 HR TAB
15144,AMLODIPINE 10 MG-ATORVASTATIN 80 MG TABLET
15147,DIOVAN HCT 80 MG-12.5 MG TAB
15155,NIFEDIPINE 10 MG CAP
15160,NADOLOL-BENDROFLUMETHIAZIDE 80 MG-5 MG TAB
15207,NORVASC 2.5 MG TAB
15297,"TOPROL XL 100 MG TABLET,EXTENDED RELEASE"
15360,OLMESARTAN 40 MG-AMLODIPINE 10 MG-HYDROCHLOROTHIAZIDE 25 MG TABLET
15411,VERAPAMIL SR 120 MG 24 HR CAP
15419,VERAPAMIL HCL 120 MG I TAB BID
15507,TRIAMTERENE-HYDROCHLOROTHIAZIDE 75 MG-50 MG TABLET
15547,VALSARTAN-HYDROCHLOROTHIAZIDE 80 MG-12.5 MG TABLET
15606,AZOR ORAL
15618,MINOXIDIL 10 MG TAB
15630,MINOXIDIL 2 % TOPICAL SOLUTION
15664,LOPRESSOR HCT 50 MG-25 MG TAB
15753,PHENTOLAMINE
15812,PRINZIDE 20 MG-25 MG TAB
15914,CARVEDILOL PHOSPHATE SR 80 MG MULTIPHASE 24 HR CAP
15951,NICARDIPINE 25 MG/10 ML INTRAVENOUS SOLUTION
15952,BENICAR HCT
16006,CARDURA 8 MG TAB
16022,FUROSLOSARTAN (COZAAR)
16055,OLMESARTAN
16098,"ASA,LASIX,LISPRO INSULIN,ALBUTEROL"
16162,"PROPRANOLOL ER 120 MG CAPSULE,EXTENDED RELEASE 24 HR"
16178,LABETALOL HYDROCHLORIDE - POWDER
16207,COREG 3.125 MG TABLET
16290,ENALAPRIL MALEATE ORAL
16297,VERAPAMIL SR
16401,DEMADEX 20 MG TAB
16411,AMLODIPINE 10 MG-VALSARTAN 160 MG TABLET
16446,OLMESARTAN-HYDROCHLOROTHIAZIDE (BENICAR HCT)
16467,HYZAAR 25 MG-100 MG TABLET
16517,BUMETANIDE 2 MG TAB
16624,LOTENSIN HCT 20 MG-12.5 MG TAB
16635,NIFEDIPINE (PROCARDIA XL)
16637,FUROSEMIDE 40 MG/4 ML ORAL SOLN
16682,CARVEDILOL PHOSPHATE ER 40 MG MULTIPHASE 24 HR CAP
16703,AMLODIPINE-VALSARTAN-HYDROCHLOROTHIAZIDE 5 MG-160 MG-25 MG TAB
16709,BENAZEPRIL 5 MG TAB
16726,"NORVASC, INSULIN, CATAPRESS, GENGRAF"
16755,PAPAVERINE-PHENTOLAMINE 30 MG-1 MG/ML IN WATER INTRACAVERNOSAL SOLN
16946,HYZAAR 100 MG-12.5 MG TABLET
17078,FELODIPINE ER 5 MG 24 HR TAB
17272,LOPRESSOR 50 MG TAB
17273,VERAPAMIL ER 120 MG 24 HR CAP
17279,VERAPAMIL SR 360 MG 24 HR CAP
17326,"DILTIAZEM ER 240 MG CAPSULE,24 HR,EXTENDED RELEASE"
17348,BUMETANIDE
17369,CALAN SR 180 MG TAB
17413,IRBESARTAN-HYDROCHLOROTHIAZIDE (AVALIDE)
17469,AMLODIPINE-VALSARTAN 10 MG-160 MG TABLET
17537,COREG CR ORAL
17540,ZESTORETIC 20 MG-12.5 MG TAB
17608,PHENTOLAMINE INJ
17642,INSPRA TAB
17643,OLMESARTAN-AMLODIPINE-HYDROCHLOROTHIAZIDE 40 MG-5 MG-12.5 MG TAB
17720,TORSEMIDE 100 MG TAB
17767,ISRADIPINE (DYNACIRC CR)
17787,QUINAPRIL-HYDROCHLOROTHIAZIDE 20 MG-12.5 MG TAB
17791,AMLODIPINE 1 MG/ML ORAL SUSP
17796,ATACAND 16 MG TAB
17940,LOPRESSOR ORAL
17997,AMILORIDE TABS
18028,BETAXOLOL OPHTH SUSP 0.25%
18059,AMLODIPINE 5MG
18088,"PROPRANOLOL XL 80 MG CAPSULE,EXTENDED RELEASE 24 HR"
18119,"MAALOX, MEPROSE, FLUCONAZOLE, AZITHROMYCIN, INDAPAMIDE"
18127,MINOXIDIL 2.5 MG TAB
18152,ALISKIREN 300 MG TAB
18179,DIOVAN HCT 160 MG-25 MG TABLET
18202,AMLODIPINE-VALSARTAN 5 MG-320 MG TAB
18417,CANDESARTAN
18450,AVAPRO TAB
18495,CANDESARTAN (ATACAND)
18625,LASIX (BEING HELD)
18813,ALISKIREN-VALSARTAN (VALTURNA)
18842,TERAZOSIN 2 MG TABLET
18925,CARDIZEM (DILTIAZEM HYDROCHLORIDE) 60 MG TABLET
19189,LOTREL
19239,INTERFERON RIBOVIR LOPRESSOR HCTZ
19274,METOPROLOL ER
19289,DILTIAZEM HYDROCHLORIDE (DEXTROSE/DILTIAZEM HYDROCHLORIDE) 125 MG/ 125 ML-D5% SOLUTION
19367,ALISKIREN (TEKTURNA)
19413,LABETALOL INFUSION ADULT
19425,PROCARDIA 10 MG CAP
19434,DILT-CD 180 MG 24 HR CAP
19825,BISOPROLOL TABLET
19944,COREG 25 MG TAB
19956,AVALIDE 150 MG-12.5 MG TAB
20035,NIFEDIPINE ER 60 MG 24 HR TAB (2)
20113,PROPRANOLOL 60 MG TABLET
20128,GUANFACINE 1 MG TABLET
20144,"GUANFACINE ER 1 MG TABLET,EXTENDED RELEASE 24 HR"
20156,AMLODIPINE-ATORVASTATIN 10 MG-20 MG TAB
20197,TENORMIN 25 MG TABLET
20285,"VERAPAMIL ER 240 MG 24 HR CAPSULE,EXTENDED RELEASE"
20375,OLMESARTAN 40 MG-AMLODIPINE 5 MG-HYDROCHLOROTHIAZIDE 12.5 MG TABLET
20393,AMLODIPINE-VALSARTAN-HYDROCHLOROTHIAZIDE 10 MG-160 MG-25 MG TAB
20399,DILTIAZEM 90 MG TABLET
20405,DILTIAZEM ER 240 MG 24 HR TAB
20413,CARDIZEM LA 420 MG 24 HR TAB
20418,"CARTIA XT 240 MG CAPSULE,EXTENDED RELEASE"
20499,AVALIDE 300 MG-25 MG TAB
20512,PRINZIDE 20 MG-12.5 MG TAB
20573,DILTIAZEM HCL
20588,FOSINOPRIL SODIUM
20603,"VERAPAMIL ER (PM) 300 MG CAPSULE 24HR PELLET CT,EXT.RELEASE"
20634,EPLERENONE
20716,RAMIPRIL 5 MG CAP
20756,CANDESARTAN 4 MG TAB
20792,HYZAAR 100 MG-25 MG TABLET
20830,ALDACTONE 100 MG TAB
20843,AMLODIPINE-VALSARTAN 5 MG-320 MG TABLET
21114,LASIX 20 MG TABLET
21129,DILTIAZEM ER 120 MG 24 HR TAB
21435,VERAPAMIL 40 MG TABLET
21457,"DILTIAZEM ER 120 MG CAPSULE,EXTENDED RELEASE 12 HR"
21483,DIOVAN HCT 160 MG-12.5 MG TAB
21514,BENAZEPRIL 20 MG-HYDROCHLOROTHIAZIDE 12.5 MG TABLET
21795,BISOPROLOL 10 MG-HYDROCHLOROTHIAZIDE 6.25 MG TABLET
21875,BENICAR HCT 40 MG-25 MG TAB
22100,"METOPROLOL SUCC ER 50 MG-HYDROCHLOROTHIAZIDE 12.5 MG TABLET,ER 24 HR"
22146,ALISKIREN-HYDROCHLOROTHIAZIDE (TEKTURNA HCT)
22150,FOSINOPRIL-HYDROCHLOROTHIAZIDE 20 MG-12.5 MG TAB
22164,ATACAND HCT 16 MG-12.5 MG TAB
22272,CANDESARTAN 8 MG TAB
22454,LOTREL 5/10
22551,LOPRESSOR (METOPROLOL SUCCINATE) 50 MG TABLET
22729,AMLODIPINE-ATORVASTATIN 10 MG-80 MG TAB
22745,AMLODIPINE 2.5 MG-BENAZEPRIL 10 MG CAPSULE
22763,DIOVAN 80 MG TABLET
22908,AMLODIPINE-ATORVASTATIN (CADUET)
22964,AVALIDE 12.5M/150MG
22989,AMLODIPINE 5 MG-VALSARTAN 160 MG-HYDROCHLOROTHIAZIDE 25 MG TABLET
22993,VERAPAMIL SR 240 MG 24 HR CAP
23004,VERAPAMIL ER 120 MG TAB
23117,ENALAPRILAT IVPB
23125,ETHACRYNIC ACID 25 MG TABLET
23317,METOPROLOL TARTRATE 100 MG-HYDROCHLOROTHIAZIDE 50 MG TABLET
23362,DILTIAZEM HCL (TIAZAC)
23406,DILTIAZEM HYDROCHLORIDE 100 MG POWDER FOR INJECTION
23421,AVALIDE 300 MG-25 MG TABLET
23446,VERAPAMIL HYDROCHLORIDE
23581,LOPRESSOR 50 MG TABLET
23599,ETHACRYNIC ACID IVPB
23706,PROCARDIA
23822,"DILTIAZEM ER 360 MG CAPSULE,EXTENDED RELEASE"
23909,MINOXIDIL TABS
23947,HYDRALAZINE HYDROCHLORIDE 10 MG TABLET
23999,PROCARDIA XL
24157,LASIX (FUROSEMIDE) 20 MG TABLET
24249,EPLERENONE 25 MG TAB
24260,PRAZOSIN 2 MG CAP
24294,CAPTOPRIL 12.5 MG TAB
24310,"PRILOSEC, METOPROLOL, LISINOPRIL, ALBUTEROL"
24346,PHENOXYBENZAMINE 10 MG CAPSULE
24388,BENAZEPRIL 40 MG TAB
24520,ACCUPRIL 10 MG TABLET
24552,ZESTRIL 40 MG TAB
24566,ATACAND 32 MG TAB
24840,LOPRESSOR (METOPROLOL TARTRATE) 1 MG/ML SOLUTION
24907,PROPRANOLOL ORAL SOL
25209,DILTIAZEM SR 180 MG 24 HR CAP
25229,TRIAMTERENE-HYDROCHLOROTHIAZID (DYAZIDE)
25330,ISOSORBIDE-HYDRALAZINE 20 MG-37.5 MG TABLET
25342,ISOSORBIDE-HYDRALAZINE 20 MG-37.5 MG TAB
25350,ALISKIREN-HYDROCHLOROTHIAZIDE 300 MG-12.5 MG TAB
25356,ESMOLOL 100 MG/10 ML (10 MG/ML) INTRAVENOUS SOLUTION
25362,"ASA,UROXATRAL,OMEPRAZOLE,ENALAPRIL"
25478,MONOPRIL 40 MG TAB
25487,GABAPENTIN RAMIPRIL COLACE
25561,CARVEDILOL PHOSPHATE (COREG CR)
25654,ENALAPRILAT 1.25 MG/ML INTRAVENOUS SOLUTION
25664,OLMESARTAN-HYDROCHLOROTHIAZIDE 40 MG-12.5 MG TABLET
25736,GUANFACINE 2 MG TABLET
25779,LISINOPRIL ORAL SUSPENSION
25823,COREG 3.125 MG TAB
25830,CARVEDILOL ORAL
25939,"DILTIAZEM ER 120 MG CAPSULE,EXTENDED RELEASE"
26095,AMLODIPINE-VALSARTAN 10 MG-320 MG TABLET
26110,CARDIZEM 120 MG TAB
26130,TORSEMIDE 10 MG TAB
26165,VASOTEC ORAL
26176,AMLODIPINE BESYLATE (BULK) 100 % POWDER
26226,ALISKIREN 300 MG-HYDROCHLOROTHIAZIDE 25 MG TABLET
26296,"DILTIAZEM ER 180 MG CAPSULE,24 HR,EXTENDED RELEASE"
26420,ALDACTONE 50 MG TAB
26435,SPIRONOLACTONE 5 MG/ML ORAL SUSPENSION
26447,CAPTOPRIL 50 MG TAB
26472,"ASACOL,LIPITOR,LISINOPRIL"
26599,AMLODIPINE-OLMESARTAN 10 MG-20 MG TABLET
26628,LABETALOL 20 MG/4 ML (5 MG/ML) INTRAVENOUS SYRINGE
26661,TELMISARTAN-HYDROCHLOROTHIAZID
26791,CLONIDINE ORAL
26795,CHLORTHALIDONE ORAL
26859,CLONIDINE HYDROCHLORIDE 0.2 MG TABLET
26920,CHLORTHALIDONE 15 MG TABLET
26944,QUINAPRIL-HYDROCHLOROTHIAZIDE 20 MG-12.5 MG TABLET
26958,ENALAPRIL-HYDROCHLOROTHIAZIDE 10 MG-25 MG TABLET
27026,ATENOLOL-CHLORTHALIDONE 50 MG-25 MG TAB
27033,METOLAZONE (ZAROXOLYN)
27122,DIOVAN HCT 320 MG-25 MG TABLET
27148,VERAPAMIL 80 MG TABLET
27199,TRANDOLAPRIL-VERAPAMIL SR 2 MG-240 MG MULTIPHASE 24 HR TAB
27276,"DILTIAZEM ER 120 MG CAPSULE,24 HR,EXTENDED RELEASE"
27449,ATENOLOL-CHLORTHALIDONE ORAL
27475,ENALAPRIL MALEATE (BULK)
27547,PRINIVIL
27647,VERAPAMIL 80 MG TAB
27653,CARDIZEM LA
27667,TELMISARTAN 80 MG-AMLODIPINE 5 MG TABLET
27708,CANDESARTAN 32 MG-HYDROCHLOROTHIAZIDE 12.5 MG TABLET
27794,TORSEMIDE INJ
27840,TRIAMTERENE-HYDROCHLOROTHIAZIDE 75 MG-50 MG TAB
27902,DIOVAN (VALSARTAN) 160 MG TABLET
27984,TENORMIN ORAL
28005,CHLORTHALIDONE
28009,CARDIZEM CD 360 MG 24 HR CAP
28140,DIOVAN HCT
28157,TOPROL XL : FREE TEXT MEDICATION ORDER
28237,NIFEDIPINE ORAL
28321,NORVASC HYZAAR
28331,TELMISARTAN (MICARDIS)
28438,HYDRALAZINE HYDROCHLORIDE (HYDRALAZINE HYDROCHLORIDE) 50 MG TABLET
28517,RAMIPRIL 5 MG TAB
28579,"BETAXOLOL 0.25 % EYE DROPS,SUSPENSION"
28663,METOPROLOL SUCCINATE ER
28704,"METOPROLOL, HCTZ, SENNA , COLACE, MORPHINE, CELEBREX"
28802,PROPRANOLOL 20 MG/5 ML ORAL SOLUTION
28841,DOXAZOSIN (CARDURA)
28860,DILTIAZEM ER 180 MG 24 HR TAB
28933,RAMIPRIL ORAL
29027,AMLODIPINE 5 MG-ATORVASTATIN 10 MG TABLET
29339,PERINDOPRIL ERBUMINE 4 MG TABLET
29402,MICARDIS 40 MG TABLET
29608,"CARVEDILOL PHOSPHATE ER 40 MG CAPSULE,EXT.RELEASE24HR MULTIPHASE"
29627,DIOVAN 160 MG TABLET
29630,DIOVAN 40 MG TAB
29702,NADOLOL 80 MG TAB
30036,DILTIAZEM SR 300 MG 24 HR TAB
30113,BUMETANIDE INFUSION
30161,MINOXIDIL 2 % TOPICAL SOLN
30180,TERAZOSIN 10 MG TAB
30213,DIOVAN HCT 320 MG-12.5 MG TABLET
30236,QUINAPRIL 20 MG-HYDROCHLOROTHIAZIDE 25 MG TABLET
30311,QUINAPRIL-HYDROCHLOROTHIAZIDE 20 MG-25 MG TAB
30511,AMLODIPINE 10 MG-ATORVASTATIN 10 MG TABLET
30519,PROPRANOLOL (BULK) MISC
30579,AMLODIPINE-OLMESARTAN 5 MG-20 MG TAB
30623,AMLODIPINE-OLMESARTAN (AZOR)
30705,PROPRANOLOL ER 80 MG 24 HR SUSTAINED ACTION CAP
30855,ISOSORBIDE 20 MG-HYDRALAZINE 37.5 MG TABLET
30887,CHLOROTHIAZIDE 250 MG/5 ML ORAL SUSP
30897,VERAPAMIL SR 240 MG 24 HR TAB
30913,NORVASC 10MG DAILY
30969,"DILTIAZEM ER 60 MG CAPSULE,EXTENDED RELEASE 12 HR"
31183,ETHACRYNIC ACID 50 MG TAB
31205,AVAPRO ORAL
31326,EPROSARTAN-HYDROCHLOROTHIAZIDE 600 MG-12.5 MG TAB
31395,MICARDIS 20 MG TAB
31430,ASA PLAVIX ISORDIL METOPROLOL LASIX HYDRALAZINE
31455,OLMESARTAN-HYDROCHLOROTHIAZIDE
31557,INSPRA
31582,PROPRANOLOL ER 80 MG 24 HR CAP
31605,COREG CR
31755,FUROSEMIDE 10 MG/ML ORAL SOLN
31994,BENAZEPRIL/HCT
32005,ENALAPRIL-HYDROCHLOROTHIAZIDE ORAL
32109,TERAZOSIN 1 MG TABLET
32118,PRAZOSIN CAPSULE
32246,CARVEDILOL PHOSPHATE SR 40 MG MULTIPHASE 24 HR CAP
32304,AMLODIPINE-BENAZEPRIL ORAL
32497,MAXZIDE-25MG 37.5 MG-25 MG TAB
32526,DILTIAZEM HCL (CARDIZEM)
32609,PRINZIDE 20/25
32635,AVALIDE 150/12.5MG
32704,"CARTIA XT 300 MG CAPSULE,EXTENDED RELEASE"
32790,"DILTIAZEM, TOPROL, LIPITOR, ACTOS, CA, OMEPRAZOLE, ASA"
32969,DIOVAN 320 MG TABLET
33151,TORSEMIDE (DEMADEX)
33456,AMILORIDE HYDROCHLORIDE
33457,TELMISARTAN-HYDROCHLOROTHIAZIDE 80 MG-12.5 MG TABLET
33478,LOPRESSOR 100 MG TAB
33499,"CARTIA XT 120 MG CAPSULE,EXTENDED RELEASE"
33544,CHLORTHALIDONE TABS
33587,"ENALAPRIL, CALCIUM, LANTUS, BUPROPRION"
33598,BUMETANIDE IVPB
33645,DILTIAZEM CD
33897,"ESMOLOL IN SODIUM CHLORIDE (ISO-OSMOTIC) 2,500 MG/250 ML (10 MG/ML) IV"
33960,LISINOPRIL (PRINIVIL)
34120,TRANDOLAPRIL 4 MG TAB
34163,GCO#15-2276 LOSARTAN/PLACEBO 50 MG CAPSULE
34410,DIOVAN HCT 80 MG-12.5 MG TABLET
34835,DILTIAZEM 120 MG CONTINUOUS RELEASE CAP
34836,DYAZIDE
34889,TORSEMIDE 50 MG/5 ML (10 MG/ML) IV
34891,"TAZTIA XT 300 MG CAPSULE,EXTENDED RELEASE"
35071,RAMIPRIL 2.5 MG TABLET
35076,BENAZEPRIL HYDROCHLORIDE
35119,"DILTIAZEM ER 180 MG CAPSULE,EXTENDED RELEASE"
35131,ENALAPRIL MALEATE 1 MG/ML ORAL SOLUTION
35181,ALDACTONE (SPIRONOLACTONE) 50 MG TABLET
35388,COZAAR 100 MG TABLET
35797,BUMETANIDE 1 MG TAB
35905,CARDIZEM CD 180 MG 24 HR CAP
35919,"SULAR 17 MG TABLET,EXTENDED RELEASE"
36003,HYZAAR 100 MG-12.5 MG TAB
36049,ETHACRYNIC ACID 25 MG TAB
36278,"AMLODIPINE, VYTORIN, ATENOLOL, HCTZ, ASA"
36541,CARDIZEM CD
36706,VERAPAMIL 120 MG TAB
36789,"PROCARDIA XL (NIFEDIPINE) 30 MG TABLET, EXTENDED RELEASE"
36935,HYTRIN 10 MG CAP
37138,BENAZEPRIL 10 MG TAB
37176,BENAZEPRIL-HYDROCHLOROTHIAZIDE 20 MG-25 MG TABLET
37181,BISOPROLOL
37189,CANDESARTAN 32 MG-HYDROCHLOROTHIAZIDE 25 MG TABLET
37239,PHENOXYBENZAMINE (DIBENZYLINE)
37417,ATACAND HCT ORAL
37462,VERAPAMIL
37486,DILTIAZEM 120 MG TAB
37571,CAPTOPRIL 25 MG TABLET
37588,BISOPROLOL-HYDROCHLOROTHIAZIDE 2.5 MG-6.25 MG TABLET
37714,(TOPROL XL)
37885,DIOVAN 160/25 ONCE DAILY
37905,ZIAC 2.5/6.25
38043,AMLODIPINE-VALSARTAN-HYDROCHLOROTHIAZIDE 5 MG-160 MG-12.5 MG TAB
38058,METOPROLOL TARTRATE 50 MG-HYDROCHLOROTHIAZIDE 25 MG TABLET
38101,DILTIAZEM 90 MG TAB
38114,AMLODIPINE BESYLATE-BENAZEPRIL HYDROCHLORIDE
38187,PROCARDIA ORAL
38208,PRAZOSIN 5 MG CAP
38478,SPIRONOLACTONE (BULK)
38656,"METOPROLOL SUCCINATE ER 200 MG TABLET, EXTENDED RELEASE"
38827,SPIRONOLACTONE 25 MG/ML ORAL SUSP
38920,BENAZEPRIL 20 MG TAB
39038,MAVIK
39180,"SPIRONOLACTONE, PREDNISONE, GABAPENTIN, NEXIUM, METOPROLOL"
39372,AZOR 5 MG-40 MG TABLET
39389,CLONIDINE (CATAPRES-TTS-3)
39403,PROPRANOLOL 80 MG TAB
39530,FUROSEMIDE 1 MG/ML ORAL SOLUTION
39650,"COUMADIN, ZOLPIDEM, METOPROLOL, AMLOPIDINE, FUROSEMIDE"
39766,CARDIZEM CD 300 MG 24 HR CAP
39884,HYDRALAZINE HYDROCHLORIDE (HYDRALAZINE HYDROCHLORIDE) 20 MG/ML SOLUTION
39952,PROPRANOLOL 80 MG 24 HR SUSTAINED ACTION CAP
40077,MICARDIS HCT 80 MG-25 MG TABLET
40102,INSPRA TABLET
40226,BENAZEPRIL-HYDROCHLOROTHIAZIDE 20 MG-25 MG TAB
40505,AMLODIPINE 5 MG-ATORVASTATIN 20 MG TABLET
40578,DILTIAZEM HYDROCHLORIDE 60 MG TABLET
40608,SPIRONOLACTONE-HYDROCHLOROTHIAZIDE 25 MG-25 MG TAB
40676,METOLAZONE 10 MG TABLET
40859,AMILORIDE
41107,SPIRONOLACTONE 50 MG-HYDROCHLOROTHIAZIDE 50 MG TABLET
41161,PRINZIDE ORAL
41640,MINOXIDIL ORAL
41656,EPLERENONE TAB
41691,MICARDIS HCT 12.5 MG-80 MG TABLET
41721,AMLODIPINE 5 MG-VALSARTAN 160 MG-HYDROCHLOROTHIAZIDE 12.5 MG TABLET
41724,CARTIA XT 180 MG 24 HR CAP
41945,TELMISARTAN 80 MG-AMLODIPINE 10 MG TABLET
41967,QUINAPRIL HYDROCHLORIDE
41981,CLONIDINE 0.2 MG-CHLORTHALIDONE 15 MG TABLET
42027,NADOLOL ORAL
42485,FUROSEMIDE 10 MG/ML ORAL SOLUTION
42976,TERAZOSIN HYDROCHLORIDE
43008,AMLODIPINE-BENAZEPRIL 5 MG-40 MG CAP
43221,VALSARTAN-HYDROCHLOROTHIAZIDE 320 MG-12.5 MG TABLET
43279,TEKTURNA ORAL
43304,TEKTURNA
43391,EXFORGE
43405,"METFORMIN, ACTOS, VITORIN INSULIN , LISINOPRIL, LOFRIBIA"
43616,MICARDIS HCT
43648,METFORMIN LISINOPRIL NORVASC  GLUCATROL
43655,EPLERENONE 50 MG TAB
43698,HYTRIN ORAL
43949,TWYNSTA
44141,COREG CR 10 MG 24 HR CAP
44328,BETAXOLOL 0.5 % EYE DROPS
44345,GUANFACINE 1 MG TAB
44571,ALISKIREN-HYDROCHLOROTHIAZIDE 300 MG-25 MG TAB
44605,DILTIAZEM SR 180 MG CAP
44880,"DOXAZOSIN ER 8 MG TABLET,EXTENDED RELEASE 24 HR"
45270,LABETALOL HCL TAB
45285,LASIX 40 MG TABLET
45330,"PROPRANOLOL ER 80 MG CAPSULE,EXTENDED RELEASE 24 HR"
45487,VERAPAMIL ER 240 MG 24 HR TAB
45531,MOEXIPRIL-HYDROCHLOROTHIAZIDE 15 MG-25 MG TABLET
45696,VERAPAMIL TABS
46131,"NORVASC,ATENOLOL,MECLIZINE"
46132,VERAPAMIL SR 180 MG TAB
46180,DILTIAZEM HCL (CARTIA XT)
46209,RIOL ZYRTEC  DIOVAN AMLODIPINE
46225,TENORMIN 25 MG TAB
46380,DILTIAZEM SR 120 MG 24 HR TAB
46391,CARDIZEM ORAL
46425,CADUET 10 MG-40 MG TABLET
46560,ACCUPRIL
47033,CHLORTHALIDONE 100 MG TABLET
47163,HYDRALAZINE-RESERPINE-HCTZ ORAL
47345,OLMESARTAN-AMLODIPINE-HYDROCHLOROTHIAZIDE 40 MG-5 MG-12.5 MG TABLET
47543,"AMLODIPINE, GIPLIZINDE, GABAPENTIN, LEVOXYL"
47555,BISOPROLOL-HYDROCHLOROTHIAZIDE 2.5 MG-6.25 MG TAB
47961,"AMLODIPINE, MRTOPROLOL, CYPROHEPTADINE"
48012,HYDROCHLOROTHIAZIDE-LOSARTAN
48022,"ASA, NORVASC , ATENOLOL"
48140,PROPRANOLOL 60 MG 24 HR SUSTAINED ACTION CAP
48146,CARDIZEM (DILTIAZEM HYDROCHLORIDE) 30 MG TABLET
48196,AMILORIDE-HYDROCHLOROTHIAZIDE 5 MG-50 MG TAB
48274,METFORMIN HCTZ LOPRESSOR
48331,ENALAPRIL-HYDROCHLOROTHIAZIDE 5 MG-12.5 MG TABLET
48405,VALSARTAN-HYDROCHLOROTHIAZIDE
48705,LOTENSIN 20 MG TAB
48728,VALSARTAN 80 MG CAPSULE
49272,VERAPAMIL SR 300 MG 24 HR CAP
49319,ALDACTAZIDE 25 MG-25 MG TAB
49457,DIURIL ORAL
49487,ALISKIREN-VALSARTAN 300 MG-320 MG TAB
49496,DIOVAN HCT 160/25MG TAB
49502,TENORETIC 100 100 MG-25 MG TAB
49662,BIDIL 20 MG-37.5 MG TAB
49755,TERAZOSIN 1 MG TAB
50641,LOTREL 5/20
50883,DOXAZOSIN TABS
51044,BUMETANIDE (BUMEX)
51236,"AMLODIPINE, METOPROLOL"
51448,ENALAPRIL MALEATE - POWDER
51640,APROMETOPROLOL SUCCINATE (TOPROL XL)
51678,BISOPROLOL-HYDROCHLOROTHIAZIDE
51751,VERAPAMIL ER (SR) 240 MG TAB
51816,TELMISARTAN-HYDROCHLOROTHIAZID (MICARDIS HCT)
51882,ENALAPRIL 1 MG/ML ORAL SUSP
51962,NADOLOL (CORGARD)
52054,ALTACE 10 MG TAB
52225,ATACAND HCT 32/12.5MG
52405,CAPTOPRIL 50 MG-HYDROCHLOROTHIAZIDE 15 MG TABLET
52566,MICARDIS 80 MG TAB
52814,BENAZEPRIL 5 MG TABLET
52868,SPIRONOLACTONE-HYDROCHLOROTHIAZIDE 25 MG-25 MG TABLET
52961,ZESTRIL 40 MG TABLET
53123,DOXAZOSIN SR 4 MG 24 HR TAB
53154,"CIPRO,  RESPEDON, LISINOPRIL, OXYCODONE, INSULIN, NADOLOL"
53174,CAPTOPRIL
53711,CLONIDINE HCL (BULK) POWDER
54159,"OXYBUTRYIN, LASIX, ISOSORBIDE, CALCITROL"
54253,MINOXIDIL 5 % TOPICAL SOLUTION
55009,CATAPRES-TTS-3 0.3 MG/24 HR TRANSDERM PATCH
55328,PRAZOSIN HYDROCHLORIDE
55600,METOPROLOL 10 MG/ML ORAL SUSP
55626,VERAPAMIL ER 180 MG TAB
55755,AMLODIPINE BESYLATE 5 MG TABLET
55904,AMLODIPINE-VALSARTAN-HYDROCHLOROTHIAZIDE 5 MG-160 MG-12.5 MG TABLET
56339,"DIGOXIN, LISINOPRIL, METOPROLOL"
56402,HYZAAR 50/12.5
56424,CARTIA LEVOTHYROXINE FOLATE OXYCODONE
56515,MONOPRIL ORAL
56747,TRIAMTERENE
56991,"LISINOPRIL, METFORMIN,  CRESTOR, ASA,METOPROLOL ETODOLAC"
57103,LOSARTAN ORAL SUSPENSION
57175,AMLODIPINE GABAPENTIN LOPRESSOR SKELAXIN
57304,AMILORIDE-HYDROCHLOROTHIAZIDE
57325,"ALISKIREN 150MG,"
57543,"BETAXOLOL OPHTH SUSP 0.25%,"
57742,DILTIAZEM HCL (CARDIZEM LA)
57833,METOPROLOL-HYDROCHLOROTHIAZIDE ORAL
57942,NIFEDIPINE (NIFEDICAL XL)
57997,DYRENIUM 100 MG CAPSULE
58013,DOXAZOSIN ORAL
58027,FOSINOPRIL ORAL
58054,AMLODIPINE-BENAZEPRIL 2.5 MG-10 MG CAP
58684,PROPRANOLOL HYDROCHLORIDE 20 MG TABLET
58701,"COREG CR 40 MG CAPSULE, EXTENDED RELEASE"
58731,AMLODIPINE-ATORVASTATIN 10 MG-40 MG TAB
58944,BISOPROLOL-HYDROCHLOROTHIAZIDE ORAL
59231,TERAZOSIN 5 MG TAB
59427,PINDOLOL 10 MG TABLET
59655,LOSARTAN-HYDROCHLOROTHIAZIDE
59675,"METFORMIN, NAPROXEN, NORVASC, INSULIN"
59718,GCO#12-1635 GUANFACINE/PLACEBO 0.5 MG CAPSULE
59784,FELODIPINE ER 2.5 MG 24 HR TAB
60297,"CARVEDILOL PHOSPHATE ER 80 MG CAPSULE,EXT.RELEASE24HR MULTIPHASE"
60451,CLONIDINE-CHLORTHALIDONE ORAL
60561,FUROSEMIDE 40 MG/5 ML SOLUTION
60615,DILTIAZEM INJ (5MG/ML)
61166,ACCUPRIL 10 MG TAB
61201,METOPROLOL XR
61462,FUROSEMIDE 10 MG/ML LIQUID
61908,"LISINOPRIL, HCTZ, ASA, HYDRALAZINE, NORVASC"
62163,"ASA, CIPRO SPIRONOLACTONE LISINOPRIL, MIRALAX,, LACTULOSE"
62401,METOPROLOL TARTRATE (METOPROLOL SUCCINATE) 100 MG TABLET
62432,ZIAC 5/6.25MG TAB
62730,"ESMOLOL 2,000 MG/100 ML (20 MG/ML) IN SODIUM CHLORIDE (ISO-OSMOTIC) IV"
63326,AZOR 10 MG-20 MG TAB
63362,DIOVAN HCT 320 MG-25 MG TAB
63556,PLENDIL 5 MG 24 HR TAB
63561,FOSINOPRIL-HYDROCHLOROTHIAZIDE 10 MG-12.5 MG TAB
63952,CARDURA 2 MG TAB
64410,TRIAMTERENE ORAL
64544,HYDROCHLOROTHIAZIDE (BULK)
64662,DILTIAZEM SR 420 MG 24 HR TAB
64784,QUINARETIC 20 MG-25 MG TAB
65442,FUROSEMIDE (BULK)
65483,CAPTOPRIL-HYDROCHLOROTHIAZIDE 50 MG-25 MG TAB
65571,PROCARDIA XL ORAL
65604,HYZAAR 12.5 MG-100 MG TABLET
65628,CARVEDILOL PHOSPHATE ER 20 MG MULTIPHASE 24 HR CAP
65848,HYTRIN 5 MG CAP
65864,ATENOLOL 25MG DAILY
65868,ALISKIREN-VALSARTAN 150 MG-160 MG TAB
66359,INDAPAMIDE 1.25 MG TABLET
66787,METHYLDOPA 250 MG-HYDROCHLOROTHIAZIDE 25 MG TABLET
66960,"DIOVAN , ALBUTEROL, FLOVENT , SEREVENT, LIPITOR"
67155,AVAPRO 150 MG TABLET
67247,DYNACIRC 2.5 MG CAP
67403,DOXAZOSIN MESYLATE
67471,COREG (CARVEDILOL) 12.5 MG TABLET
67495,AZOR
67536,CADUET
67575,TORSEMIDE TAB
67688,QUINAPRIL 5 MG TAB
67856,PRINIVIL 20 MG TAB
67901,ACCUPRIL ORAL
68289,NORVASC 5 MG TABLET
68411,CLONIDINE HYDROCHLORIDE
68429,FOSINOPRIL-HYDROCHLOROTHIAZIDE 20 MG-12.5 MG TABLET
68595,HYZAAR 50 MG-12.5 MG TABLET
68738,INDAPAMIDE 2.5 MG TAB
68884,PRINZIDE 10 MG-12.5 MG TAB
68948,METOPROLOL TARTRATE (METOPROLOL SUCCINATE) 25 MG TABLET
69176,BENICAR HCT 40 MG-12.5 MG TABLET
69298,PROPRANOLOL 20 MG/5 ML ORAL SOLN
69484,VERAPAMIL 2.5 MG/ML INTRAVENOUS SYRINGE
69534,NADOLOL-BENDROFLUMETHIAZIDE 80 MG-5 MG TABLET
69769,DIOVAN HCT ORAL
69982,"TRANDOLAPRIL 4 MG-VERAPAMIL ER 240 MG TABLET,IMMED-EXTEN RELEASE 24 HR"
70015,ZESTRIL 20 MG TABLET
70382,TRANDOLAPRIL-VERAPAMIL (TARKA)
70686,LOTREL 10 MG-40 MG CAPSULE
70775,"METFORMIN, BENICAR,TRIAMTERENE"
71131,AMLODIPINE-VALSARTAN 5 MG-160 MG TAB
71152,INDERAL LA 60 MG 24 HR CAP
71223,ALDACTONE (SPIRONOLACTONE) 25 MG TABLET
71533,TRANDOLAPRIL 4 MG TABLET
71967,TRIAMTERENE-HYDROCHLOROTHIAZIDE 50 MG-25 MG CAPSULE
72353,"COREG, HYDRALAZINE, LASIX"
72441,TOPROL
72462,MOEXIPRIL 15 MG TAB
72486,ASA CALCIUM  LISINOPRIL
72716,ZESTRIL 20 MG TAB
73232,CATAPRES 0.2 MG TABLET
73269,"VERAPAMIL ER (HS) 240 MG TABLET,EXTENDED RELEASE 24 HR"
73344,INDERAL LA 160 MG 24 HR CAP
73372,DILTIAZEM SR 360 MG CAP
73562,VERAPAMIL HYDROCHLORIDE 120 MG TABLET
73610,ETHACRYNIC ACID TABS
73642,BUMETANIDE 0.5 MG TAB
74088,AMLODIPINE-ATORVASTATIN 5 MG-10 MG TABLET
74177,BUMEX ORAL
74207,METOLAZONE SUSP
74696,ACCUPRIL 20 MG TAB
74710,GCO#16-2310 VALSARTAN 40MG/PLACEBO TABLET
74748,EXFORGE 10MG/320MG
74926,AMLODIPINE 10 MG-OLMESARTAN 20 MG TABLET
75080,VERAPAMIL ER (PM) 100 MG CAP 24HR PELLET CT
75122,TORSEMIDE 10MG/ML SOLUTION
75365,COREG 25 MG TABLET
75479,VALTURNA ORAL
75481,FOSINOPRIL 20 MG-HYDROCHLOROTHIAZIDE 12.5 MG TABLET
75571,LISINOPRIL (BULK)
75617,AVALIDE 300MG/25MG
75753,"TOPROL-XL (METOPROLOL SUCCINATE) 100 MG TABLET, EXTENDED RELEASE"
76138,VASOTEC (ENALAPRIL MALEATE) 10 MG TABLET
76233,"INSULIN, ASA, PLAVIX, ISOSORBIDE , ARICEPT, METOPROLOL"
76351,CLONIDINE-CHLORTHALIDONE 0.1 MG-15 MG TAB
76429,AMLODIPINE-VALSARTAN 5 MG-160 MG TABLET
76455,TELMISARTAN-AMLODIPINE 80 MG-10 MG TAB
76529,DIOVAN (VALSARTAN) 80 MG TABLET
76627,QUINAPRIL (ACCUPRIL)
76838,PREDNISONE LASIX MAGNESIUM
77154,"ZOLPIDEM, OXYCODONE, OMEPRAZOLE, LISINOPRIL, INSULIN"
77186,"DILT-XR 240 MG CAPSULE, EXTENDED RELEASE"
77270,ENALAPRIL-HYDROCHLOROTHIAZIDE (VASERETIC)
77516,METOPROLOL IVPB (MSQ)
77741,DILTIAZEM HCL (CARDIZEM CD)
78123,"WAFARIN,LASIX,METFORMIN,LISINOPRIL"
78261,HYDRALAZINE HYDROCHLORIDE (HYDRALAZINE HYDROCHLORIDE) 100 MG TABLET
79123,ALISKIREN 300 MG-HYDROCHLOROTHIAZIDE 12.5 MG TABLET
79144,"METOPROLOL,FLAGYL,MVI,POTASSIUM CHLORIDE,SOTALOL"
79305,HYTRIN 1 MG CAP
79879,"DILTIAZEM ER 300 MG TABLET,EXTENDED RELEASE 24 HR"
80052,VERAPAMIL 40 MG TAB
80053,VERAPAMIL ORAL
80139,CARDIZEM ASA CLINDAMYCIN TERAZOSIN
80471,VERAPAMIL ER (HS) 240 MG 24 HR TAB
80667,VERAPAMIL ER 100 MG CAP 24HR PELLET CT
80711,VASOTEC 2.5 MG TAB
81124,PROPRANOLOL ER 60 MG 24 HR SUSTAINED ACTION CAP
81406,EPROSARTAN
81468,INDERAL
81861,DIOVAN HCT (HYDROCHLOROTHIAZIDE) 12.5 MG-80 MG TABLET
82238,ZESTRIL 5 MG TAB
82397,CALCIUM XIFAXAN FINASTERIDE  NADOLOL MVI
82525,OLMESARTAN-AMLODIPINE-HYDROCHLOROTHIAZIDE 40 MG-10 MG-25 MG TAB
82533,PROPRANOLOL ER 80 MG 24 HR CAP EXTENDED RELEASE
82718,AMLODIPINE BESYLATE 2.5 MG TABLET
83290,GCO#15-1218 PRAZOSIN/PLACEBO 1MG CAPSULE
83881,BENICAR HCT 40 MG-12.5 MG TAB
84003,LASIX 80 MG TABLET
84011,MICARDIS HCT 80 MG-25 MG TAB
84122,"PROVENTOL,LOPRESSOR ,SPIRONOLACTONE,LISINOPRIL"
84138,LISINOPRIL-HYDROCHLOROTHIAZIDE (ZESTORETIC)
84158,TERAZOSIN 5 MG TABLET
84428,PROCARDIA XL ER 90 MG 24 HRTAB
84499,BISOPROLOL-HYDROCHLOROTHIAZIDE 5 MG-6.25 MG TAB
84621,LASIX 40MG
84683,VERELAN PM ORAL
84752,SPIRONOLACTONE-HYDROCHLOROTHIAZIDE 50 MG-50 MG TAB
84818,BENICAR HCT 20 MG-12.5 MG TAB
84924,"AMLODIPINE, ENALAPRIL, HCTZ (RAN OUT  1WK AGO"
84968,BENAZEPRIL-HYDROCHLOROTHIAZIDE 20 MG-12.5 MG TABLET
85004,ALDACTONE ORAL
85035,DIOVAN (VALSARTAN) 320 MG TABLET
85376,AMILORIDE HYDROCHLORIDE 5 MG TABLET
85659,INSPRA ORAL
85664,HYZAAR ( DOSE UNKNOWN
86235,"METOPROLOL,LISINOPRIL,COLCHICINE"
86456,TRIBENZOR ORAL
86525,"LISINOPRIL,NEXIUM,VERAPAMIL, ALBUTEROL, MOTRIM"
86682,CARTIA XL
86806,TERAZOSIN 10 MG TABLET
86813,TERAZOSIN 2 MG TAB
87056,BISOPROLOL FUMARATE ORAL
87216,CARVEDILOL PHOSPHATE ER 10 MG MULTIPHASE 24 HR CAP
87427,AMLODIPINE-ATORVASTATIN 5 MG-40 MG TAB
87555,IRBESARTAN 300 MG-HYDROCHLOROTHIAZIDE 25 MG TABLET
87701,TRIAMTERENE-HYDROCHLOROTHIAZID (MAXZIDE)
88010,COZAAR (LOSARTAN POTASSIUM) 50 MG TABLET
88255,CARTEOLOL 1 % EYE DROPS
89191,PROPRANOLOL 1 MG/ML INTRAVENOUS SOLUTION
89201,NISOLDIPINE SR 40 MG 24 HR TAB
89589,"TRANDOLAPRIL 4 MG-VERAPAMIL ER 240 MG TABLET,EXTENDED RELEASE 24 HR MP"
89743,MICARDIS 80 MG TABLET
89798,PRAZOSIN ORAL
90274,LISINOPRIL 40MG BID
90590,"COZAAR,INDERAL"
90889,METFORMIN SEROQUEL TRAZADONE PRAZOSIN
90937,CAPOTEN 50 MG TAB
91082,ZIAC
91246,"PROCARDIA XL 90 MG TABLET, EXTENDED RELEASE"
91578,ALTACE 10 MG CAPSULE
92119,CLONIDINE 3MG BID
92524,TAZTIA XT 180 MG CAP
92711,DIBENZYLINE
92904,DILT-XR 240 MG CAP
93061,OLMESARTAN-AMLODIPINE-HYDROCHLOROTHIAZIDE 20 MG-5 MG-12.5 MG TAB
93081,HYZAAR 50/12.5MG
93187,EXFORGE 5 MG-160 MG TABLET
93765,GCO#16-2310 VALSARTAN 80MG/PLACEBO TABLET
93851,"NISOLDIPINE ER 34 MG TABLET,EXTENDED RELEASE 24 HR"
94206,DILTIAZEM ER 180 MG CAP
94220,DILTIAZEM ER 420 MG 24 HR TAB
94467,MICARDIS HCT 80 MG-12.5 MG TABLET
94750,CARDENE IV (NICARDIPINE HYDROCHLORIDE/SODIUM CHLORIDE) 40 MG/200 ML-NACL 0.83% SOLUTION
95057,AMLODIPINE 10 MG-ATORVASTATIN 20 MG TABLET
95289,METOPROLOL TARTRATE (METOPROLOL SUCCINATE) 50 MG TABLET
95459,OLMESARTAN-AMLODIPINE-HCTZ (TRIBENZOR)
95571,DOXAZOSIN ER 4 MG 24 HR TAB
95779,DILTIAZEM HYDROCHLORIDE (DEXTROSE/DILTIAZEM HYDROCHLORIDE) 100 MG/ 100 ML-D5% SOLUTION
